doc,autor,fonte,nivel,semelhanca,pais_fonte,texto,casada,casada_nome,instituicao,instituicao_nome,instituicao_pais,candidatos,rotulo
S0103-33522025000100200,0,v240,autoria,1.0,BR,Universidade Federal de São Carlos,I177909021,Universidade Federal de São Carlos,I177909021,Universidade Federal de São Carlos,BR,,certo
S0101-33002020000100143,1,v240,autoria,1.0,BR,Universidade Federal de São Carlos,I177909021,Universidade Federal de São Carlos,I177909021,Universidade Federal de São Carlos,BR,,certo
S0104-62762015000100105,0,v240,autoria,1.0,BR,Universidade Federal de Minas Gerais,I110200422,Universidade Federal de Minas Gerais,I110200422,Universidade Federal de Minas Gerais,BR,,certo
S0102-69092022000200506,1,v240,autoria,1.0,BR,Universidade de São Paulo,I17974374,Universidade de São Paulo,I17974374,Universidade de São Paulo,BR,,certo
S0102-64452011000200004,0,v70,autoria,1.0,,Unisinos,I61722147,Universidade do Vale do Rio dos Sinos,I61722147,Universidade do Vale do Rio dos Sinos,BR,,certo
S0103-33522014000100001,0,v70,autoria,1.0,BR,Universidade Federal do Ceará,I243754102,Universidade Federal do Ceará,I243754102,Universidade Federal do Ceará,BR,,certo
S0102-69092016000300505,2,v240,autoria,1.0,BR,Universidade Federal de Minas Gerais,I110200422,Universidade Federal de Minas Gerais,I110200422,Universidade Federal de Minas Gerais,BR,,certo
S0104-44782021000400201,0,v240,autoria,1.0,BR,Universidade de São Paulo,I17974374,Universidade de São Paulo,I17974374,Universidade de São Paulo,BR,,certo
S0102-64452023000200174,0,v240,autoria,1.0,BR,Universidade Federal do Rio de Janeiro,I122140584,Universidade Federal do Rio de Janeiro,I122140584,Universidade Federal do Rio de Janeiro,BR,,certo
S0104-62762024000100206,2,v240,autoria,1.0,BR,Fundação Getúlio Vargas,I44202434,Fundação Getulio Vargas,I44202434,Fundação Getulio Vargas,BR,,certo
S0104-44782014000400004,0,v70,autoria,1.0,BR,Universidade Federal do Paraná,I52418104,Universidade Federal do Paraná,I52418104,Universidade Federal do Paraná,BR,,certo
S0102-85292016000300887,0,v240,autoria,1.0,CO,Universidad de los Andes,I162096671,Universidad de Los Andes,I162096671,Universidad de Los Andes,CO,,certo
S0103-33522015000200193,0,v240,autoria,1.0,US,Berea College,I99568074,Berea College,I99568074,Berea College,US,,certo
S0104-44782020000200206,0,v70,autoria,1.0,BR,"Insper Agro Global, Insper",I52977244,Insper,I52977244,Insper,BR,,certo
S0104-62762021000200623,0,v240,autoria,1.0,BR,Universidade Estadual Paulista Júlio de Mesquita Filho,I879563668,Universidade Estadual Paulista (Unesp),I879563668,Universidade Estadual Paulista (Unesp),BR,,certo
S0102-64452016000300257,0,v240,autoria,1.0,BR,Universidade do Estado do Rio de Janeiro,I40034438,Universidade do Estado do Rio de Janeiro,I40034438,Universidade do Estado do Rio de Janeiro,BR,,certo
S0102-69092023000100521,1,v240,autoria,1.0,BR,Universidade Federal do Rio de Janeiro,I122140584,Universidade Federal do Rio de Janeiro,I122140584,Universidade Federal do Rio de Janeiro,BR,,certo
S0104-44782023000100501,0,v240,autoria,1.0,BR,Universidade de São Paulo,I17974374,Universidade de São Paulo,I17974374,Universidade de São Paulo,BR,,certo
S0102-85292010000200002,0,v70,autoria,1.0,,Kyung Hee University,I35928602,Kyung Hee University,I35928602,Kyung Hee University,KR,,certo
S0104-44782018000400075,1,v240,autoria,1.0,BR,Universidade de São Paulo,I17974374,Universidade de São Paulo,I17974374,Universidade de São Paulo,BR,,certo
S0011-52582024000400209,0,v70,autoria,1.0,BR,Instituto de Pesquisa Econômica Aplicada,I3131024195,Institute of Applied Economic Research,I3131024195,Institute of Applied Economic Research,BR,,certo
S0102-64452014000100002,0,v70,autoria,0.7911,,Centro de Estudos de Análise e Planejamento,I4210108944,Centro Brasileiro de Análise e Planejamento,I4210108944,Centro Brasileiro de Análise e Planejamento,BR,,certo
S1981-38212023000200201,2,v240,autoria,1.0,BR,Universidade Estadual de Santa Cruz,I3122449915,Universidade Estadual de Santa Cruz,I3122449915,Universidade Estadual de Santa Cruz,BR,,certo
S0103-33522024000100207,0,v240,autoria,1.0,DE,Europa-Universität Flensburg,I200252411,Europa-Universität Flensburg,I200252411,Europa-Universität Flensburg,DE,,certo
S1981-38212013000100002,1,v70,autoria,1.0,BR,Federal University of Alagoas,I79889768,Universidade Federal de Alagoas,I79889768,Universidade Federal de Alagoas,BR,,certo
S0034-73292024000100205,1,v240,autoria,1.0,BR,Pontifícia Universidade Católica de Minas Gerais,I170935008,Pontifícia Universidade Católica de Minas Gerais,I170935008,Pontifícia Universidade Católica de Minas Gerais,BR,,certo
S0104-44782021000100204,0,v240,autoria,1.0,BR,Universidade Federal Fluminense,I161127581,Universidade Federal Fluminense,I161127581,Universidade Federal Fluminense,BR,,certo
S0102-64452015000200225,0,v240,autoria,1.0,BR,Universidade Federal de Goiás,I68106152,Universidade Federal de Goiás,I68106152,Universidade Federal de Goiás,BR,,certo
S0103-33522014000200057,0,v240,autoria,1.0,BR,Universidade Federal de São Carlos,I177909021,Universidade Federal de São Carlos,I177909021,Universidade Federal de São Carlos,BR,,certo
S0011-52582021000400205,0,v240,autoria,1.0,BR,Universidade Federal do Rio Grande do Sul,I130442723,Universidade Federal do Rio Grande do Sul,I130442723,Universidade Federal do Rio Grande do Sul,BR,,certo
S0102-85292015000301041,0,v240,autoria,0.8569,AR,Facultad Latinoamericana de Ciencias Sociales,I4210098121,Facultad Latinoamericana de Ciencias Sociales Sede Argentina,I4210098121,Facultad Latinoamericana de Ciencias Sociales Sede Argentina,AR,,certo
S0104-62762023000100166,0,v240,autoria,1.0,BR,Universidade Federal de Pernambuco,I25112270,Universidade Federal de Pernambuco,I25112270,Universidade Federal de Pernambuco,BR,,certo
S0103-33522015000200273,0,v240,autoria,1.0,BR,Universidade de Brasília,I150729083,Universidade de Brasília,I150729083,Universidade de Brasília,BR,,certo
S0103-33522023000300201,1,v240,autoria,1.0,BR,Universidade Federal de Viçosa,I146165071,Universidade Federal de Viçosa,I146165071,Universidade Federal de Viçosa,BR,,certo
S0034-73292019000100208,0,v240,autoria,1.0,BR,Universidade Federal da Paraíba,I169045520,Universidade Federal da Paraíba,I169045520,Universidade Federal da Paraíba,BR,,certo
S0034-73292022000100402,1,v240,autoria,1.0,BR,Fundação Oswaldo Cruz,I52325,Fundação Oswaldo Cruz,I52325,Fundação Oswaldo Cruz,BR,,certo
S0102-69092025000100526,0,v240,autoria,1.0,ES,Universidad de Salamanca,I184999862,Universidad de Salamanca,I184999862,Universidad de Salamanca,ES,,certo
S0102-85292024000200200,0,v240,autoria,1.0,BR,Universidade Federal do Rio Grande do Sul,I130442723,Universidade Federal do Rio Grande do Sul,I130442723,Universidade Federal do Rio Grande do Sul,BR,,certo
S0102-85292010000200003,2,v70,autoria,1.0,,"Ministério do Planejamento, Orçamento e Gestão",I4210091872,"Ministry of Planning, Budget and Management",I4210091872,"Ministry of Planning, Budget and Management",BR,,certo
S0102-85292015000100185,0,v70,autoria,1.0,ZA,Universidade de Stellenbosch,I26092322,Stellenbosch University,I26092322,Stellenbosch University,ZA,,certo
S0102-64452011000300005,1,v70,autoria,1.0,,Centro de Investigaciones y Estudios Superiores en Antropología Social,I4210150039,Centro de Investigación y Estudios Superiores en Antropología Social,I4210150039,Centro de Investigación y Estudios Superiores en Antropología Social,MX,,certo
S0102-69092025000100519,0,v240,autoria,1.0,BR,Universidade Federal de Goiás,I68106152,Universidade Federal de Goiás,I68106152,Universidade Federal de Goiás,BR,,certo
S0103-33522017000200111,0,v240,autoria,1.0,BR,Universidade Federal de Pernambuco,I25112270,Universidade Federal de Pernambuco,I25112270,Universidade Federal de Pernambuco,BR,,certo
S0103-33522014000300229,0,v70,autoria,1.0,BE,Université catholique de Louvain,I95674353,UCLouvain,I95674353,UCLouvain,BE,,certo
S0102-69092024000100510,1,v240,autoria,1.0,BR,Universidade Federal do Paraná,I52418104,Universidade Federal do Paraná,I52418104,Universidade Federal do Paraná,BR,,certo
S0104-62762012000200007,1,v70,autoria,1.0,,Universidade Estadual de Campinas,I181391015,Universidade Estadual de Campinas (UNICAMP),I181391015,Universidade Estadual de Campinas (UNICAMP),BR,,certo
S0102-64452015000300009,0,v70,autoria,1.0,CL,Museo de la Memoria y los Derechos Humanos,I4210093657,Museum of Memory and Human Rights,I4210093657,Museum of Memory and Human Rights,CL,,certo
S0103-33522013000100006,1,v70,autoria,1.0,,Universidade Federal do Rio Grande do Sul,I130442723,Universidade Federal do Rio Grande do Sul,I130442723,Universidade Federal do Rio Grande do Sul,BR,,certo
S0102-64452019000300157,1,v240,autoria,1.0,BR,Universidade Federal do Paraná,I52418104,Universidade Federal do Paraná,I52418104,Universidade Federal do Paraná,BR,,certo
S0102-64452013000100013,0,v70,autoria,1.0,BR,Fundação Getúlio Vargas,I44202434,Fundação Getulio Vargas,I44202434,Fundação Getulio Vargas,BR,,certo
S0011-52582018000200463,0,v240,autoria,1.0,BR,Universidade Federal Fluminense,I161127581,Universidade Federal Fluminense,I161127581,Universidade Federal Fluminense,BR,,certo
S0102-64452018000300003,1,v240,autoria,1.0,BR,Universidade Federal do Espírito Santo,I51235708,Universidade Federal do Espírito Santo,I51235708,Universidade Federal do Espírito Santo,BR,,certo
S0011-52582014000300817,1,v240,autoria,1.0,US,New York University,I57206974,New York University,I57206974,New York University,US,,certo
S0102-69092013000100016,0,v70,autoria,1.0,,Universidade de Montreal,I70931966,Université de Montréal,I70931966,Université de Montréal,CA,,certo
S0104-44782016000200085,0,v240,autoria,1.0,BR,Universidade Estadual de Campinas,I181391015,Universidade Estadual de Campinas (UNICAMP),I181391015,Universidade Estadual de Campinas (UNICAMP),BR,,certo
S0102-69092024000100524,1,v240,autoria,1.0,BR,Universidade Federal Fluminense,I161127581,Universidade Federal Fluminense,I161127581,Universidade Federal Fluminense,BR,,certo
S0104-62762013000100005,1,v70,autoria,1.0,,Universidade Estadual de Campinas,I181391015,Universidade Estadual de Campinas (UNICAMP),I181391015,Universidade Estadual de Campinas (UNICAMP),BR,,certo
S0103-33522016000100221,0,v240,autoria,1.0,BR,Universidade Federal de Pelotas,I169248161,Universidade Federal de Pelotas,I169248161,Universidade Federal de Pelotas,BR,,certo
S0104-62762021000200360,0,v240,autoria,1.0,BR,Pontifícia Universidade Católica de Minas Gerais,I170935008,Pontifícia Universidade Católica de Minas Gerais,I170935008,Pontifícia Universidade Católica de Minas Gerais,BR,,certo
S0034-73292016000100206,1,v240,autoria,1.0,BR,Pontifícia Universidade Católica de Minas Gerais,I170935008,Pontifícia Universidade Católica de Minas Gerais,I170935008,Pontifícia Universidade Católica de Minas Gerais,BR,,certo
S0102-64452016000200275,0,v240,obra,1.0,BR,Universidade de São Paulo,I17974374,Universidade de São Paulo,I17974374,Universidade de São Paulo,BR,,certo
S0104-62762017000100096,1,v240,obra,1.0,BR,Universidade do Estado do Rio de Janeiro,I40034438,Universidade do Estado do Rio de Janeiro,I40034438,Universidade do Estado do Rio de Janeiro,BR,,certo
S0104-44782016000200059,1,v240,obra,1.0,BR,Universidade Federal de Minas Gerais,I110200422,Universidade Federal de Minas Gerais,I110200422,Universidade Federal de Minas Gerais,BR,,certo
S0103-33522017000300223,2,v240,obra,1.0,BR,Universidade Federal de Minas Gerais,I110200422,Universidade Federal de Minas Gerais,I110200422,Universidade Federal de Minas Gerais,BR,,certo
S0104-44782023000100501,1,v240,obra,1.0,BR,Universidade de São Paulo,I17974374,Universidade de São Paulo,I17974374,Universidade de São Paulo,BR,,certo
S0101-33002023000200227,0,v70,obra,1.0,BR,Centro Brasileiro de Análise e Planejamento (Cebrap),I4210108944,Centro Brasileiro de Análise e Planejamento,I4210108944,Centro Brasileiro de Análise e Planejamento,BR,,certo
S0101-33002023000200351,1,v240,obra,1.0,DK,Aarhus University,I204337017,Aarhus University,I204337017,Aarhus University,DK,,certo
S0102-69092023000100514,1,v240,obra,1.0,BR,Universidade Federal da Bahia,I126158947,Universidade Federal da Bahia,I126158947,Universidade Federal da Bahia,BR,,certo
S0102-64452022000200139,1,v240,obra,1.0,BR,Universidade de São Paulo,I17974374,Universidade de São Paulo,I17974374,Universidade de São Paulo,BR,,certo
S0034-73292025000200602,0,v70,obra,1.0,CL,University of Chile,I69737025,University of Chile,I69737025,University of Chile,CL,,certo
S0101-33002022000300545,0,v240,obra,1.0,BR,Universidade de São Paulo,I17974374,Universidade de São Paulo,I17974374,Universidade de São Paulo,BR,,certo
S0102-64452024000100307,1,v70,obra,1.0,,University of São Paulo,I17974374,Universidade de São Paulo,I17974374,Universidade de São Paulo,BR,,certo
S0102-69092025000100534,1,v240,obra,1.0,BR,Universidade de Brasília,I150729083,Universidade de Brasília,I150729083,Universidade de Brasília,BR,,certo
S0103-33522017000300223,1,v240,obra,1.0,BR,Universidade Federal de Minas Gerais,I110200422,Universidade Federal de Minas Gerais,I110200422,Universidade Federal de Minas Gerais,BR,,certo
S0104-62762016000300492,0,v240,obra,1.0,BR,Universidade Federal do Rio Grande do Sul,I130442723,Universidade Federal do Rio Grande do Sul,I130442723,Universidade Federal do Rio Grande do Sul,BR,,certo
S0103-33522021000200401,6,v240,obra,1.0,BR,Fundação Getúlio Vargas,I44202434,Fundação Getulio Vargas,I44202434,Fundação Getulio Vargas,BR,,certo
S0034-73292025000200602,1,v70,obra,1.0,CL,University of Chile,I69737025,University of Chile,I69737025,University of Chile,CL,,certo
S0101-33002024000100065,1,v240,obra,1.0,BR,Universidade Federal do Pará,I59606676,Universidade Federal do Pará,I59606676,Universidade Federal do Pará,BR,,certo
S0102-69092010000200003,0,v70,obra,1.0,,Unesp,I879563668,Universidade Estadual Paulista (Unesp),I879563668,Universidade Estadual Paulista (Unesp),BR,,certo
S0103-33522020000200323,2,v240,obra,1.0,BR,Universidade de Brasília,I150729083,Universidade de Brasília,I150729083,Universidade de Brasília,BR,,certo
S0101-33002024000200205,0,v240,corpus,,BR,Universidade Estadual de Campinas,I181391015,Universidade Estadual de Campinas (UNICAMP),I181391015,Universidade Estadual de Campinas (UNICAMP),BR,,certo
S0101-33002024000200179,1,v240,corpus,,BR,Universidade Federal do Rio de Janeiro,I122140584,Universidade Federal do Rio de Janeiro,I122140584,Universidade Federal do Rio de Janeiro,BR,,certo
S0104-44782021000200203,0,v240,corpus,,BR,Universidade de São Paulo,I17974374,Universidade de São Paulo,I17974374,Universidade de São Paulo,BR,,certo
S0104-44782025000100502,0,v240,corpus,,BR,Universidade de São Paulo,I17974374,Universidade de São Paulo,I17974374,Universidade de São Paulo,BR,,certo
S0102-64452013000200005,,v70,corpus,,BR,Universidade de São Paulo,I17974374,Universidade de São Paulo,I17974374,Universidade de São Paulo,BR,,certo
S0101-33002016000200035,0,v240,corpus,,BR,Universidade de São Paulo,I17974374,Universidade de São Paulo,I17974374,Universidade de São Paulo,BR,,certo
S0104-44782016000300109,0,v240,corpus,,BR,Universidade de São Paulo,I17974374,Universidade de São Paulo,I17974374,Universidade de São Paulo,BR,,certo
S0104-44782017000300159,1,v240,corpus,,BR,Universidade de São Paulo,I17974374,Universidade de São Paulo,I17974374,Universidade de São Paulo,BR,,certo
S0104-62762016000200385,1,v240,corpus,,BR,Universidade Federal de São Carlos,I177909021,Universidade Federal de São Carlos,I177909021,Universidade Federal de São Carlos,BR,,certo
S0101-33002013000300016,0,v70,corpus,,,Universidade Estadual Paulista,I879563668,Universidade Estadual Paulista (Unesp),I879563668,Universidade Estadual Paulista (Unesp),BR,,certo
S0101-33002024000100141,0,v240,corpus,,BR,Pontifícia Universidade Católica do Rio de Janeiro,I2699952,Pontifícia Universidade Católica do Rio de Janeiro,I2699952,Pontifícia Universidade Católica do Rio de Janeiro,BR,,certo
S0101-33002017000100099,0,v240,corpus,,GB,University of Sussex,I162608824,University of Sussex,I162608824,University of Sussex,GB,,certo
S0102-69092020000300514,2,v240,corpus,,AR,Consejo Nacional de Investigaciones Científicas y Técnicas,I151201029,Consejo Nacional de Investigaciones Científicas y Técnicas,I151201029,Consejo Nacional de Investigaciones Científicas y Técnicas,AR,,certo
S0104-44782016000400137,2,v240,corpus,,BR,Universidade Federal da Integração Latino-Americana,I165972669,Universidade Federal da Integração Latino-Americana,I165972669,Universidade Federal da Integração Latino-Americana,BR,,certo
S0011-52582024000100207,0,v240,corpus,,BR,Universidade Federal Rural do Rio de Janeiro,I161460629,Universidade Federal Rural do Rio de Janeiro,I161460629,Universidade Federal Rural do Rio de Janeiro,BR,,certo
S0034-73292011000200005,0,v70,corpus,,,University of São Paulo,I17974374,Universidade de São Paulo,I17974374,Universidade de São Paulo,BR,,certo
S1981-38212014000300098,,v70,corpus,,BR,Senado Federal,I4210155180,Federal Senate,I4210155180,Federal Senate,BR,,certo
S0101-33002016000200079,0,v240,corpus,,BR,Universidade de São Paulo,I17974374,Universidade de São Paulo,I17974374,Universidade de São Paulo,BR,,certo
S0011-52582011000300007,0,v70,corpus,,BR,UERJ,I40034438,Universidade do Estado do Rio de Janeiro,I40034438,Universidade do Estado do Rio de Janeiro,BR,,certo
S0101-33002015000300193,0,v240,corpus,,BR,Universidade de São Paulo,I17974374,Universidade de São Paulo,I17974374,Universidade de São Paulo,BR,,certo
S0101-33002025000300403,2,v240,corpus,,BR,Universidade Federal da Paraíba,I169045520,Universidade Federal da Paraíba,I169045520,Universidade Federal da Paraíba,BR,,certo
S0104-44782021000100206,0,v240,corpus,,AR,Consejo Nacional de Investigaciones Científicas y Técnicas,I151201029,Consejo Nacional de Investigaciones Científicas y Técnicas,I151201029,Consejo Nacional de Investigaciones Científicas y Técnicas,AR,,certo
S0101-33002017000300029,4,v240,corpus,,BR,Universidade de São Paulo,I17974374,Universidade de São Paulo,I17974374,Universidade de São Paulo,BR,,certo
S0101-33002024000200321,0,v240,corpus,,BR,Universidade Federal do Estado do Rio de Janeiro,I83648350,Universidade Federal do Estado do Rio de Janeiro,I83648350,Universidade Federal do Estado do Rio de Janeiro,BR,,certo
S0102-64452011000100006,0,v70,indice,1.0,,Universidade de Princeton,I20089843,Princeton University,I20089843,Princeton University,US,,certo
S0011-52582025000300204,0,v70,indice,1.0,BR,USP,I17974374,Universidade de São Paulo,I17974374,Universidade de São Paulo,BR,,certo
S0101-33002024000300409,3,v70,indice,1.0,MX,The College of Mexico,I150673438,El Colegio de México,I150673438,El Colegio de México,MX,,certo
S0102-64452014000200008,0,v70,indice,1.0,,FGV,I44202434,Fundação Getulio Vargas,I44202434,Fundação Getulio Vargas,BR,,certo
S0102-64452011000200007,0,v70,indice,1.0,,Unesp (IEEI-Unesp),I879563668,Universidade Estadual Paulista (Unesp),I879563668,Universidade Estadual Paulista (Unesp),BR,,certo
S0102-69092021000300508,1,v70,indice,1.0,BR,UFES,I51235708,Universidade Federal do Espírito Santo,I51235708,Universidade Federal do Espírito Santo,BR,,certo
S0102-64452011000100007,0,v70,indice,1.0,,USP,I17974374,Universidade de São Paulo,I17974374,Universidade de São Paulo,BR,,certo
S0102-64452021000300175,1,v70,indice,1.0,BR,USP,I17974374,Universidade de São Paulo,I17974374,Universidade de São Paulo,BR,,certo
S0101-33002012000100003,0,v70,indice,1.0,,Unicamp,I181391015,Universidade Estadual de Campinas (UNICAMP),I181391015,Universidade Estadual de Campinas (UNICAMP),BR,,certo
S0102-64452011000300007,0,v70,indice,1.0,,Unicamp,I181391015,Universidade Estadual de Campinas (UNICAMP),I181391015,Universidade Estadual de Campinas (UNICAMP),BR,,certo
S0102-64452012000300007,0,v70,indice,1.0,,Unicamp,I181391015,Universidade Estadual de Campinas (UNICAMP),I181391015,Universidade Estadual de Campinas (UNICAMP),BR,,certo
S0104-44782016000300091,0,v70,indice,1.0,BR,Treinamento e Aperfeiçoamento da Câmara dos Deputados (CEFOR),I4405260360,"Centro de Formação, Treinamento e Aperfeiçoamento da Câmara dos Deputados",I4405260360,"Centro de Formação, Treinamento e Aperfeiçoamento da Câmara dos Deputados",BR,,certo
S0102-64452010000300005,0,v70,indice,1.0,,Unifesp,I88273585,Universidade Federal de São Paulo,I88273585,Universidade Federal de São Paulo,BR,,certo
S0102-69092015000300129,0,v240,indice,1.0,SE,Lunds Universitet,I187531555,Lund University,I187531555,Lund University,SE,,certo
S0102-64452010000100006,1,v70,indice,1.0,,Unicamp,I181391015,Universidade Estadual de Campinas (UNICAMP),I181391015,Universidade Estadual de Campinas (UNICAMP),BR,,certo
S0101-33002010000100001,0,v70,indice,1.0,,USP,I17974374,Universidade de São Paulo,I17974374,Universidade de São Paulo,BR,,certo
S0104-44782011000200009,0,v70,indice,1.0,,Universidade de Oxford,I40120149,University of Oxford,I40120149,University of Oxford,GB,,certo
S0011-52582020000400207,2,v70,indice,1.0,UY,Universidade da República,I180910786,Universidad de la República de Uruguay,I180910786,Universidad de la República de Uruguay,UY,,certo
S0101-33002014000100009,0,v70,indice,1.0,,Universidade de Chicago,I40347166,University of Chicago,I40347166,University of Chicago,US,,certo
S0104-62762016000300675,0,v70,indice,1.0,BR,Unicamp,I181391015,Universidade Estadual de Campinas (UNICAMP),I181391015,Universidade Estadual de Campinas (UNICAMP),BR,,certo
S0101-33002013000300009,,v70,indice,1.0,,USP,I17974374,Universidade de São Paulo,I17974374,Universidade de São Paulo,BR,,certo
S0011-52582025000200210,1,v70,indice,1.0,BR,UFES,I51235708,Universidade Federal do Espírito Santo,I51235708,Universidade Federal do Espírito Santo,BR,,certo
S0102-64452014000200006,0,v70,indice,1.0,,Unifesp,I88273585,Universidade Federal de São Paulo,I88273585,Universidade Federal de São Paulo,BR,,certo
S0104-62762019000200377,2,v70,indice,1.0,BR,Unicamp,I181391015,Universidade Estadual de Campinas (UNICAMP),I181391015,Universidade Estadual de Campinas (UNICAMP),BR,,certo
S0102-85292012000200003,0,v70,indice,1.0,,Universidade Livre de Bruxelas,I132053463,Université Libre de Bruxelles,I132053463,Université Libre de Bruxelles,BE,,certo
S0101-33002011000100003,,v70,indice,1.0,CA,Universidade de Quebec,I49663120,Université du Québec,I49663120,Université du Québec,CA,,certo
S0104-62762021000100051,0,v240,indice,1.0,PT,Instituto Universitário de Lisboa,I110026055,Iscte – Instituto Universitário de Lisboa,I110026055,Iscte – Instituto Universitário de Lisboa,PT,,certo
S0011-52582022000400203,0,v70,indice,1.0,BR,FGV,I44202434,Fundação Getulio Vargas,I44202434,Fundação Getulio Vargas,BR,,certo
S0102-64452011000300010,1,v70,indice,1.0,,Unicamp,I181391015,Universidade Estadual de Campinas (UNICAMP),I181391015,Universidade Estadual de Campinas (UNICAMP),BR,,certo
S0101-33002010000100009,0,v70,indice,1.0,,Universidade de Bremen,I180437899,University of Bremen,I180437899,University of Bremen,DE,,certo
S0104-44782018000100062,1,v70,indice,1.0,GB,Universidade de Birmingham,I79619799,University of Birmingham,I79619799,University of Birmingham,GB,,certo
S0034-73292015000100191,0,v240,indice,1.0,PT,Universidade Lusíada,I4401200244,Fundação Minerva - Cultura - Ensino e Investigação Científica,I4401200244,Fundação Minerva - Cultura - Ensino e Investigação Científica,,,certo
S0103-33522019000200007,0,v240,indice,1.0,BR,Faculdade IBMEC,I90844405,Instituto Brasileiro de Mercado de Capitais,I90844405,Instituto Brasileiro de Mercado de Capitais,BR,,certo
S0101-33002024000300409,2,v70,indice,1.0,MX,The College of Mexico,I150673438,El Colegio de México,I150673438,El Colegio de México,MX,,certo
S0011-52582025000300700,0,v70,indice,1.0,BR,UnB,I150729083,Universidade de Brasília,I150729083,Universidade de Brasília,BR,,certo
S0102-64452012000200007,0,v70,indice,1.0,,USP,I17974374,Universidade de São Paulo,I17974374,Universidade de São Paulo,BR,,certo
S0104-44782011000300002,1,openalex,indice,1.0,BR,Doutor em Sociologia pela Universidade de São Paulo (USP),I17974374,Universidade de São Paulo,I17974374,Universidade de São Paulo,BR,,certo
S0101-33002010000300004,0,v70,indice,1.0,,USP,I17974374,Universidade de São Paulo,I17974374,Universidade de São Paulo,BR,,certo
S0101-33002016000100010,0,v240,indice,1.0,BR,Pontifícia Universidade Católica de Campinas,I79767729,Pontifícia Universidade Católica de Campinas,I79767729,Pontifícia Universidade Católica de Campinas,BR,,certo
S0101-33002023000300497,0,v240,indice,1.0,AE,Zayed University,I91044093,Zayed University,I91044093,Zayed University,AE,,certo
S0011-52582011000400004,0,openalex,openalex,1.0,BR,"Doutoranda em Ciência Política , Instituto de Estudos Sociais e Políticos (IESP) , da Universidade do Estado do Rio de Janeiro (UERJ)",I40034438,Universidade do Estado do Rio de Janeiro,I40034438,Universidade do Estado do Rio de Janeiro,BR,,certo
S0104-44782010000300012,0,openalex,openalex,1.0,BR,Universidade de Brasília - UnB,I150729083,Universidade de Brasília,I150729083,Universidade de Brasília,BR,,certo
S0101-33002010000200007,0,openalex,openalex,1.0,US,Princeton University,I20089843,Princeton University,I20089843,Princeton University,US,,certo
S0103-33522011000200004,0,openalex,openalex,1.0,BR,[Universidade de Brasília],I150729083,Universidade de Brasília,I150729083,Universidade de Brasília,BR,,certo
S0104-44782010000100006,0,openalex,openalex,1.0,BR,Universidade Federal do Sergipe (UFS),I190085865,Universidade Federal de Sergipe,I190085865,Universidade Federal de Sergipe,BR,,certo
S0011-52582013000200001,2,openalex,openalex,1.0,BR,Programa de Pós-Graduação em História das Ciências e da Saúde da Casa de Oswaldo Cruz /Fiocruz e pesquisador do Conselho Nacional de Desenvolvimento Científico e Tecnológico (CNPq),I11385950,Conselho Nacional de Desenvolvimento Científico e Tecnológico,I11385950,Conselho Nacional de Desenvolvimento Científico e Tecnológico,BR,,errado
S0104-44782013000200010,0,openalex,openalex,1.0,BR,UFRRJ,I161460629,Universidade Federal Rural do Rio de Janeiro,I161460629,Universidade Federal Rural do Rio de Janeiro,BR,,certo
S0103-33522011000200005,1,openalex,openalex,1.0,BR,Universidade Federal do Paraná,I52418104,Universidade Federal do Paraná,I52418104,Universidade Federal do Paraná,BR,,certo
S0103-33522012000100015,0,openalex,openalex,1.0,BR,Universidade do Estado da Bahia,I1316675753,Universidade do Estado da Bahia,I1316675753,Universidade do Estado da Bahia,BR,,certo
S0102-69092012000200005,0,openalex,openalex,1.0,PT,Centro Interdisciplinar de Ciências Sociais (CICS.NOVA - FCSH/NOVA),I4405254223,Centro Interdisciplinar de Ciências Sociais,I83558840,Universidade Nova de Lisboa,PT,,certo
S0104-44782012000200014,1,openalex,openalex,1.0,BR,Universidade federal de Pernambuco -UFPE,I25112270,Universidade Federal de Pernambuco,I25112270,Universidade Federal de Pernambuco,BR,,certo
S0103-33522012000100006,0,openalex,openalex,1.0,AR,UNIVERSIDADE DE BUENOS AIRES,I24354313,Universidad de Buenos Aires,I24354313,Universidad de Buenos Aires,AR,,certo
S0104-44782010000100008,0,openalex,openalex,1.0,BR,Universidade federal de Pernambuco -UFPE,I25112270,Universidade Federal de Pernambuco,I25112270,Universidade Federal de Pernambuco,BR,,certo
S0104-44782011000300016,0,openalex,openalex,1.0,FR,Universidade Sorbonne Nouvelle (Paris) e Instituto de Estudos Políticos de Grenoble (França),I182627622,Université Sorbonne Nouvelle,I182627622,Université Sorbonne Nouvelle,FR,,certo
S0103-33522012000100004,0,openalex,openalex,1.0,BR,universidade Federal Fluminense,I161127581,Universidade Federal Fluminense,I161127581,Universidade Federal Fluminense,BR,,certo
S0103-33522012000100003,0,openalex,openalex,1.0,BR,Universidade Federal do Rio de Janeiro,I122140584,Universidade Federal do Rio de Janeiro,I122140584,Universidade Federal do Rio de Janeiro,BR,,certo
S0102-69092014000200003,1,openalex,openalex,1.0,BR,"Movimento dos Trabalhadores Sem-Terra (MST) e da Comissão Pastoral da Terra (CPT) da região de Marabá (PA) -apareciam com certa regularidade, naquela ocasião, temas como a luta pela terra",I4210122445,Comissão Pastoral da Terra,I4210122445,Comissão Pastoral da Terra,BR,,errado
S0011-52582010000100006,0,openalex,openalex,1.0,BR,"Fundacao Getulio Vargas, Centro de Pesquisa e Documentacao de Historia Contemporanea do Brasil, Rio de Janeiro, Brasil",I44202434,Fundação Getulio Vargas,I44202434,Fundação Getulio Vargas,BR,,certo
S0102-69092014000200011,0,openalex,openalex,1.0,BR,"Núcleo de Pesquisa em Movimentos Sociais da Uni-versidade Federal de Santa Catarina (NPMS-UFSC), em especial a Ilse Scherer-Warren",I4104125,Universidade Federal de Santa Catarina,I4104125,Universidade Federal de Santa Catarina,BR,,certo
S0103-33522012000100009,0,openalex,openalex,1.0,US,Universidade de Colúmbia,I78577930,Columbia University,I78577930,Columbia University,US,,certo
S0102-85292021000300489,1,v70,apelido,,BR,Institute of Social and Political Studies of the State University of Rio de Janeiro (IESP/UERJ),I40034438,Universidade do Estado do Rio de Janeiro,I40034438,Universidade do Estado do Rio de Janeiro,BR,,certo
S0102-69092023000100509,2,v70,apelido,,BR,Instituto de Estudos Sociais e Políticos,I40034438,Universidade do Estado do Rio de Janeiro,I40034438,Universidade do Estado do Rio de Janeiro,BR,,certo
S0011-52582025000400216,0,v70,apelido,,BR,Instituto de Estudos Sociais e Políticos,I40034438,Universidade do Estado do Rio de Janeiro,I40034438,Universidade do Estado do Rio de Janeiro,BR,,certo
S0011-52582025000400216,1,v70,apelido,,BR,Instituto de Estudos Sociais e Políticos,I40034438,Universidade do Estado do Rio de Janeiro,I40034438,Universidade do Estado do Rio de Janeiro,BR,,certo
S0102-69092023000100509,1,v70,apelido,,BR,Instituto de Estudos Sociais e Políticos,I40034438,Universidade do Estado do Rio de Janeiro,I40034438,Universidade do Estado do Rio de Janeiro,BR,,certo
S0104-44782019000200210,0,v70,apelido,,BR,Instituto de Estudos Sociais e Políticos,I40034438,Universidade do Estado do Rio de Janeiro,I40034438,Universidade do Estado do Rio de Janeiro,BR,,certo
S0034-73292025000200607,1,v70,nenhum,,CN,University of Macau,,,,,,"University of Macau (MO, 1.00)",errado
S0011-52582021000400203,0,v70,nenhum,,CO,Escuela de Aviación del Ejército,,,,,,"Universidad de las Fuerzas Armadas ESPE (EC, 0.46) | Army University (US, 0.46)",certo
S0034-73292012000100001,0,v70,nenhum,,,Revista Brasileira de Política Internacional (RBPI),,,,,,"Centro de Estudios Políticos y Constitucionales (ES, 0.31) | Universidad Internacional (MX, 0.29) | Centre d'études et de recherches internationales de Sciences Po (FR, 0.25)",certo
S0102-85292022000100900,1,v70,nenhum,,BR,Institute for Social and Political Studies,,,,,,"Centro de Estudios Políticos y Constitucionales (ES, 0.85) | Instituto de Investigaciones Sociales (MX, 0.53) | Instituto Nacional de Estudos e Pesquisa (GW, 0.44)",errado
S0104-44782025000100207,2,v70,nenhum,,UA,V.M. Koretsky Institute of State and Law of National Academy of Sciences of Ukraine,,,,,,"University of Guayaquil (EC, 0.12)",certo
S0102-85292020000300597,1,v70,nenhum,,AR,Universidad Nacional de Moreno (UNM),,,,,,"Instituto Nacional de Estudos e Pesquisa (GW, 0.26)",certo
S0103-33522013000200001,1,v70,nenhum,,,Grupo de Estudos Multidisciplinares da Ação Afirmativa,,,,,,"Instituto Nacional de Estudos e Pesquisa (GW, 0.15)",certo
S0102-85292020000200257,1,v70,nenhum,,BR,Graduate Program in International Relations San Tiago Dantas (UNESP/UNICAMP/PUC-SP),,,,,,"Diplomatic Academy of Vietnam (VN, 0.34) | Universidad Internacional (MX, 0.17) | Centre d'études et de recherches internationales de Sciences Po (FR, 0.15)",certo
S0103-33522022000100207,2,v70,nenhum,,BR,Instituto João XXIII,,,,,,"Instituto Nacional de Estudos e Pesquisa (GW, 0.18)",certo
S0101-33002012000100006,0,v70,nenhum,,,Observatório Metropolitano de Madri,,,,,,,certo
S0102-85292014000200549,2,v70,nenhum,,,Instituto Nacional de Ciência e Tecnologia para Estudos sobre os Estados Unidos,,,,,,"Instituto Nacional de Tecnologia (BR, 0.37)",certo
S0101-33002012000100005,0,v70,nenhum,,CA,Universidade da Colúmbia Britânica,,,,,,"Columbia University (US, 0.68)",certo
S0102-85292024000100900,0,v70,nenhum,,US,Department of Politics and International Relations,,,,,,"Diplomatic Academy of Vietnam (VN, 0.58) | Centro de Estudios Políticos y Constitucionales (ES, 0.33) | Universidad Internacional (MX, 0.32)",certo
S0101-33002010000100013,0,v70,nenhum,,,Centro de Estudos da Metrópole,,,,,,"Centro Universitário FEI (BR, 0.28) | Centro Universitário Fundação Assis Gurgacz (BR, 0.28) | Centro Universitário União Dinâmica das Cataratas (None, 0.28)",certo
S0102-69092021000200502,0,v70,nenhum,,BR,Centro de Estudos da Metrópole,,,,,,"Centro Universitário FEI (BR, 0.28) | Centro Universitário Fundação Assis Gurgacz (BR, 0.28) | Centro Universitário União Dinâmica das Cataratas (None, 0.28)",certo
S0101-33002010000100009,0,v70,nenhum,,,Centro Europeu de Direito e Política,,,,,,"European University Institute (IT, 0.41) | Centro de Estudios Políticos y Constitucionales (ES, 0.31) | Centro Universitário FEI (BR, 0.20)",certo
S0102-69092022000200503,0,v70,nenhum,,BR,International Postdoctoral Program,,,,,,"Universidad Internacional (MX, 0.33) | Centre d'études et de recherches internationales de Sciences Po (FR, 0.27) | Centro de Estudos Internacionais (PT, 0.27)",certo
S0101-33002023000200293,0,v240,nenhum,,BR,Universidade de Pernambuco,,,,,,"Instituto Federal de Educação, Ciência e Tecnologia de Pernambuco (BR, 0.67) | Secretaria de Educação de Pernambuco (BR, 0.52)",certo
S0101-33002017000100077,2,v70,nenhum,,FR,Université Lyon 3,,,,,,"Université de Lyon (FR, 0.68)",certo
S0102-69092020000200510,1,v70,nenhum,,BR,Câmara Municipal de São Paulo,,,,,,,certo
S0102-85292021000300541,0,v70,nenhum,,AR,Scientific and Technological Center of the National Council for Scientific and Technical Research (CONICET),,,,,,"Consejo Nacional de Investigaciones Científicas y Técnicas (AR, 1.00) | Centro Científico Tecnológico - San Juan (AR, 0.91) | Centro Científico Tecnológico - La Plata (AR, 0.91)",errado
S0102-69092016000200504,1,v70,nenhum,,BR,Instituto Nacional de Ciência e Tecnologia para Estudos dos EUA,,,,,,"Instituto Nacional de Tecnologia (BR, 0.49)",certo
S0104-44782023000100207,2,v70,nenhum,,PL,"Universidade de Wroclaw, Programa de Pós Graduação em Global Affairs",,,,,,,certo
S0103-33522020000100007,0,v70,nenhum,,BR,Laboratório de Tecnologias Livres,,,,,,,certo
S0104-44782019000100204,0,v70,nenhum,,BR,Centro Universitário Internacional UNINTER,,,,,,"Centro Universitário Internacional (MX, 0.74) | Fundación Universitaria San Pablo CEU (ES, 0.58) | Centro Universitário FEI (BR, 0.54)",certo
S0104-44782019000400205,0,v70,nenhum,,BR,Eurasia Group,,,,,,,certo
S0101-33002012000200004,1,v70,nenhum,,,Universidade de Amsterdam,,,,,,,certo
S0102-69092010000300008,0,openalex,nenhum,,,modelo informacional de organização legislativa,,,,,,,certo
S0102-85292016000200711,0,v70,nenhum,,BR,Articulação SUL,,,,,,,certo
S0104-62762013000200003,0,v70,nenhum,,BR,Vanderbilt University,,,,,,"Vanderbilt University (US, 1.00)",errado
