# gerado por scripts/gerar_paises.ts (Node 24.14.0, CLDR 48.0); não editar à mão
iso2,pt,en,es
AD,Andorra,Andorra,Andorra
AE,Emirados Árabes Unidos,United Arab Emirates,Emiratos Árabes Unidos
AF,Afeganistão,Afghanistan,Afganistán
AG,Antígua e Barbuda,Antigua & Barbuda,Antigua y Barbuda
AI,Anguila,Anguilla,Anguila
AL,Albânia,Albania,Albania
AM,Armênia,Armenia,Armenia
AO,Angola,Angola,Angola
AQ,Antártida,Antarctica,Antártida
AR,Argentina,Argentina,Argentina
AS,Samoa Americana,American Samoa,Samoa Americana
AT,Áustria,Austria,Austria
AU,Austrália,Australia,Australia
AW,Aruba,Aruba,Aruba
AX,Ilhas Aland,Åland Islands,Islas Aland
AZ,Azerbaijão,Azerbaijan,Azerbaiyán
BA,Bósnia e Herzegovina,Bosnia & Herzegovina,Bosnia y Herzegovina
BB,Barbados,Barbados,Barbados
BD,Bangladesh,Bangladesh,Bangladés
BE,Bélgica,Belgium,Bélgica
BF,Burquina Faso,Burkina Faso,Burkina Faso
BG,Bulgária,Bulgaria,Bulgaria
BH,Barein,Bahrain,Baréin
BI,Burundi,Burundi,Burundi
BJ,Benin,Benin,Benín
BL,São Bartolomeu,St. Barthélemy,San Bartolomé
BM,Bermudas,Bermuda,Bermudas
BN,Brunei,Brunei,Brunéi
BO,Bolívia,Bolivia,Bolivia
BQ,Países Baixos Caribenhos,Caribbean Netherlands,Caribe neerlandés
BR,Brasil,Brazil,Brasil
BS,Bahamas,Bahamas,Bahamas
BT,Butão,Bhutan,Bután
BV,Ilha Bouvet,Bouvet Island,Isla Bouvet
BW,Botsuana,Botswana,Botsuana
BY,Bielorrússia,Belarus,Bielorrusia
BZ,Belize,Belize,Belice
CA,Canadá,Canada,Canadá
CC,Ilhas Cocos (Keeling),Cocos (Keeling) Islands,Islas Cocos
CD,Congo - Kinshasa,Congo - Kinshasa,República Democrática del Congo
CF,República Centro-Africana,Central African Republic,República Centroafricana
CG,República do Congo,Congo - Brazzaville,Congo
CH,Suíça,Switzerland,Suiza
CI,Costa do Marfim,Côte d’Ivoire,Côte d’Ivoire
CK,Ilhas Cook,Cook Islands,Islas Cook
CL,Chile,Chile,Chile
CM,Camarões,Cameroon,Camerún
CN,China,China,China
CO,Colômbia,Colombia,Colombia
CR,Costa Rica,Costa Rica,Costa Rica
CU,Cuba,Cuba,Cuba
CV,Cabo Verde,Cape Verde,Cabo Verde
CW,Curaçao,Curaçao,Curazao
CX,Ilha Christmas,Christmas Island,Isla de Navidad
CY,Chipre,Cyprus,Chipre
CZ,Tchéquia,Czechia,Chequia
DE,Alemanha,Germany,Alemania
DJ,Djibuti,Djibouti,Yibuti
DK,Dinamarca,Denmark,Dinamarca
DM,Dominica,Dominica,Dominica
DO,República Dominicana,Dominican Republic,República Dominicana
DZ,Argélia,Algeria,Argelia
EC,Equador,Ecuador,Ecuador
EE,Estônia,Estonia,Estonia
EG,Egito,Egypt,Egipto
EH,Saara Ocidental,Western Sahara,Sáhara Occidental
ER,Eritreia,Eritrea,Eritrea
ES,Espanha,Spain,España
ET,Etiópia,Ethiopia,Etiopía
FI,Finlândia,Finland,Finlandia
FJ,Fiji,Fiji,Fiyi
FK,Ilhas Malvinas,Falkland Islands,Islas Malvinas
FM,Micronésia,Micronesia,Micronesia
FO,Ilhas Faroé,Faroe Islands,Islas Feroe
FR,França,France,Francia
GA,Gabão,Gabon,Gabón
GB,Reino Unido,United Kingdom,Reino Unido
GD,Granada,Grenada,Granada
GE,Geórgia,Georgia,Georgia
GF,Guiana Francesa,French Guiana,Guayana Francesa
GG,Guernsey,Guernsey,Guernesey
GH,Gana,Ghana,Ghana
GI,Gibraltar,Gibraltar,Gibraltar
GL,Groenlândia,Greenland,Groenlandia
GM,Gâmbia,Gambia,Gambia
GN,Guiné,Guinea,Guinea
GP,Guadalupe,Guadeloupe,Guadalupe
GQ,Guiné Equatorial,Equatorial Guinea,Guinea Ecuatorial
GR,Grécia,Greece,Grecia
GS,Ilhas Geórgia do Sul e Sandwich do Sul,South Georgia & South Sandwich Islands,Islas Georgia del Sur y Sandwich del Sur
GT,Guatemala,Guatemala,Guatemala
GU,Guam,Guam,Guam
GW,Guiné-Bissau,Guinea-Bissau,Guinea-Bisáu
GY,Guiana,Guyana,Guyana
HK,"Hong Kong, RAE da China",Hong Kong SAR China,RAE de Hong Kong (China)
HM,Ilhas Heard e McDonald,Heard & McDonald Islands,Islas Heard y McDonald
HN,Honduras,Honduras,Honduras
HR,Croácia,Croatia,Croacia
HT,Haiti,Haiti,Haití
HU,Hungria,Hungary,Hungría
ID,Indonésia,Indonesia,Indonesia
IE,Irlanda,Ireland,Irlanda
IL,Israel,Israel,Israel
IM,Ilha de Man,Isle of Man,Isla de Man
IN,Índia,India,India
IO,Território Britânico do Oceano Índico,British Indian Ocean Territory,Territorio Británico del Océano Índico
IQ,Iraque,Iraq,Irak
IR,Irã,Iran,Irán
IS,Islândia,Iceland,Islandia
IT,Itália,Italy,Italia
JE,Jersey,Jersey,Jersey
JM,Jamaica,Jamaica,Jamaica
JO,Jordânia,Jordan,Jordania
JP,Japão,Japan,Japón
KE,Quênia,Kenya,Kenia
KG,Quirguistão,Kyrgyzstan,Kirguistán
KH,Camboja,Cambodia,Camboya
KI,Quiribati,Kiribati,Kiribati
KM,Comores,Comoros,Comoras
KN,São Cristóvão e Névis,St. Kitts & Nevis,San Cristóbal y Nieves
KP,Coreia do Norte,North Korea,Corea del Norte
KR,Coreia do Sul,South Korea,Corea del Sur
KW,Kuwait,Kuwait,Kuwait
KY,Ilhas Cayman,Cayman Islands,Islas Caimán
KZ,Cazaquistão,Kazakhstan,Kazajistán
LA,Laos,Laos,Laos
LB,Líbano,Lebanon,Líbano
LC,Santa Lúcia,St. Lucia,Santa Lucía
LI,Liechtenstein,Liechtenstein,Liechtenstein
LK,Sri Lanka,Sri Lanka,Sri Lanka
LR,Libéria,Liberia,Liberia
LS,Lesoto,Lesotho,Lesoto
LT,Lituânia,Lithuania,Lituania
LU,Luxemburgo,Luxembourg,Luxemburgo
LV,Letônia,Latvia,Letonia
LY,Líbia,Libya,Libia
MA,Marrocos,Morocco,Marruecos
MC,Mônaco,Monaco,Mónaco
MD,Moldávia,Moldova,Moldavia
ME,Montenegro,Montenegro,Montenegro
MF,São Martinho,St. Martin,San Martín
MG,Madagascar,Madagascar,Madagascar
MH,Ilhas Marshall,Marshall Islands,Islas Marshall
MK,Macedônia do Norte,North Macedonia,Macedonia del Norte
ML,Mali,Mali,Mali
MM,Mianmar (Birmânia),Myanmar (Burma),Myanmar (Birmania)
MN,Mongólia,Mongolia,Mongolia
MO,"Macau, RAE da China",Macao SAR China,RAE de Macao (China)
MP,Ilhas Marianas do Norte,Northern Mariana Islands,Islas Marianas del Norte
MQ,Martinica,Martinique,Martinica
MR,Mauritânia,Mauritania,Mauritania
MS,Montserrat,Montserrat,Montserrat
MT,Malta,Malta,Malta
MU,Maurício,Mauritius,Mauricio
MV,Maldivas,Maldives,Maldivas
MW,Malaui,Malawi,Malaui
MX,México,Mexico,México
MY,Malásia,Malaysia,Malasia
MZ,Moçambique,Mozambique,Mozambique
NA,Namíbia,Namibia,Namibia
NC,Nova Caledônia,New Caledonia,Nueva Caledonia
NE,Níger,Niger,Níger
NF,Ilha Norfolk,Norfolk Island,Isla Norfolk
NG,Nigéria,Nigeria,Nigeria
NI,Nicarágua,Nicaragua,Nicaragua
NL,Países Baixos,Netherlands,Países Bajos
NO,Noruega,Norway,Noruega
NP,Nepal,Nepal,Nepal
NR,Nauru,Nauru,Nauru
NU,Niue,Niue,Niue
NZ,Nova Zelândia,New Zealand,Nueva Zelanda
OM,Omã,Oman,Omán
PA,Panamá,Panama,Panamá
PE,Peru,Peru,Perú
PF,Polinésia Francesa,French Polynesia,Polinesia Francesa
PG,Papua-Nova Guiné,Papua New Guinea,Papúa Nueva Guinea
PH,Filipinas,Philippines,Filipinas
PK,Paquistão,Pakistan,Pakistán
PL,Polônia,Poland,Polonia
PM,São Pedro e Miquelão,St. Pierre & Miquelon,San Pedro y Miquelón
PN,Ilhas Pitcairn,Pitcairn Islands,Islas Pitcairn
PR,Porto Rico,Puerto Rico,Puerto Rico
PS,Territórios palestinos,Palestinian Territories,Territorios Palestinos
PT,Portugal,Portugal,Portugal
PW,Palau,Palau,Palaos
PY,Paraguai,Paraguay,Paraguay
QA,Catar,Qatar,Catar
RE,Reunião,Réunion,Reunión
RO,Romênia,Romania,Rumanía
RS,Sérvia,Serbia,Serbia
RU,Rússia,Russia,Rusia
RW,Ruanda,Rwanda,Ruanda
SA,Arábia Saudita,Saudi Arabia,Arabia Saudí
SB,Ilhas Salomão,Solomon Islands,Islas Salomón
SC,Seicheles,Seychelles,Seychelles
SD,Sudão,Sudan,Sudán
SE,Suécia,Sweden,Suecia
SG,Singapura,Singapore,Singapur
SH,Santa Helena,St. Helena,Santa Elena
SI,Eslovênia,Slovenia,Eslovenia
SJ,Svalbard e Jan Mayen,Svalbard & Jan Mayen,Svalbard y Jan Mayen
SK,Eslováquia,Slovakia,Eslovaquia
SL,Serra Leoa,Sierra Leone,Sierra Leona
SM,San Marino,San Marino,San Marino
SN,Senegal,Senegal,Senegal
SO,Somália,Somalia,Somalia
SR,Suriname,Suriname,Surinam
SS,Sudão do Sul,South Sudan,Sudán del Sur
ST,São Tomé e Príncipe,São Tomé & Príncipe,Santo Tomé y Príncipe
SV,El Salvador,El Salvador,El Salvador
SX,Sint Maarten,Sint Maarten,Sint Maarten
SY,Síria,Syria,Siria
SZ,Essuatíni,Eswatini,Esuatini
TC,Ilhas Turcas e Caicos,Turks & Caicos Islands,Islas Turcas y Caicos
TD,Chade,Chad,Chad
TF,Territórios Franceses do Sul,French Southern Territories,Territorios Australes Franceses
TG,Togo,Togo,Togo
TH,Tailândia,Thailand,Tailandia
TJ,Tadjiquistão,Tajikistan,Tayikistán
TK,Tokelau,Tokelau,Tokelau
TL,Timor-Leste,Timor-Leste,Timor-Leste
TM,Turcomenistão,Turkmenistan,Turkmenistán
TN,Tunísia,Tunisia,Túnez
TO,Tonga,Tonga,Tonga
TR,Turquia,Türkiye,Turquía
TT,Trinidad e Tobago,Trinidad & Tobago,Trinidad y Tobago
TV,Tuvalu,Tuvalu,Tuvalu
TW,Taiwan,Taiwan,Taiwán
TZ,Tanzânia,Tanzania,Tanzania
UA,Ucrânia,Ukraine,Ucrania
UG,Uganda,Uganda,Uganda
UM,Ilhas Menores Distantes dos EUA,U.S. Outlying Islands,Islas menores alejadas de EE. UU.
US,Estados Unidos,United States,Estados Unidos
UY,Uruguai,Uruguay,Uruguay
UZ,Uzbequistão,Uzbekistan,Uzbekistán
VA,Cidade do Vaticano,Vatican City,Ciudad del Vaticano
VC,São Vicente e Granadinas,St. Vincent & Grenadines,San Vicente y las Granadinas
VE,Venezuela,Venezuela,Venezuela
VG,Ilhas Virgens Britânicas,British Virgin Islands,Islas Vírgenes Británicas
VI,Ilhas Virgens Americanas,U.S. Virgin Islands,Islas Vírgenes de EE. UU.
VN,Vietnã,Vietnam,Vietnam
VU,Vanuatu,Vanuatu,Vanuatu
WF,Wallis e Futuna,Wallis & Futuna,Wallis y Futuna
WS,Samoa,Samoa,Samoa
XK,Kosovo,Kosovo,Kosovo
YE,Iêmen,Yemen,Yemen
YT,Mayotte,Mayotte,Mayotte
ZA,África do Sul,South Africa,Sudáfrica
ZM,Zâmbia,Zambia,Zambia
ZW,Zimbábue,Zimbabwe,Zimbabue
