sigla,nome,codigo,regiao,capital,variantes
AC,Acre,12,Norte,Rio Branco,
AL,Alagoas,27,Nordeste,Maceió,
AM,Amazonas,13,Norte,Manaus,
AP,Amapá,16,Norte,Macapá,
BA,Bahia,29,Nordeste,Salvador,
CE,Ceará,23,Nordeste,Fortaleza,
DF,Distrito Federal,53,Centro-Oeste,Brasília,Federal District|Distrito Federal Brasilia|DF Brasília
ES,Espírito Santo,32,Sudeste,Vitória,
GO,Goiás,52,Centro-Oeste,Goiânia,
MA,Maranhão,21,Nordeste,São Luís,
MG,Minas Gerais,31,Sudeste,Belo Horizonte,Minas
MS,Mato Grosso do Sul,50,Centro-Oeste,Campo Grande,
MT,Mato Grosso,51,Centro-Oeste,Cuiabá,
PA,Pará,15,Norte,Belém,
PB,Paraíba,25,Nordeste,João Pessoa,
PE,Pernambuco,26,Nordeste,Recife,
PI,Piauí,22,Nordeste,Teresina,
PR,Paraná,41,Sul,Curitiba,
RJ,Rio de Janeiro,33,Sudeste,Rio de Janeiro,
RN,Rio Grande do Norte,24,Nordeste,Natal,
RO,Rondônia,11,Norte,Porto Velho,
RR,Roraima,14,Norte,Boa Vista,
RS,Rio Grande do Sul,43,Sul,Porto Alegre,
SC,Santa Catarina,42,Sul,Florianópolis,
SE,Sergipe,28,Nordeste,Aracaju,
SP,São Paulo,35,Sudeste,São Paulo,
TO,Tocantins,17,Norte,Palmas,
